{
  "initialization_time_control": 0.1690962314605713,
  "execution_time_control": 46.54376006126404,
  "total_time": 46.71285629272461
}