{
  "initialization_time_control": 0.13693499565124512,
  "execution_time_control": 125.88938570022583,
  "total_time": 126.02632069587708
}