{
  "initialization_time_control": 0.11901211738586426,
  "execution_time_control": 68.23540139198303,
  "total_time": 68.3544135093689
}