{
  "initialization_time_control": 0.16996312141418457,
  "execution_time_control": 1664.6423161029816,
  "total_time": 1664.8122792243958
}