{
  "initialization_time_control": 0.11955451965332031,
  "execution_time_control": 110.37411093711853,
  "total_time": 110.49366545677185
}