{
  "initialization_time_control": 0.13206815719604492,
  "execution_time_control": 82.10504651069641,
  "total_time": 82.23711466789246
}