{
  "initialization_time_control": 0.16901683807373047,
  "execution_time_control": 121.64786720275879,
  "total_time": 121.81688404083252
}