{
  "initialization_time_control": 0.12395668029785156,
  "execution_time_control": 106.32484245300293,
  "total_time": 106.44879913330078
}