{
  "initialization_time_control": 0.12286496162414551,
  "execution_time_control": 50.02085471153259,
  "total_time": 50.14371967315674
}