{
  "initialization_time_control": 0.13842248916625977,
  "execution_time_control": 297.7947301864624,
  "total_time": 297.93315267562866
}