{
  "initialization_time_control": 0.11884117126464844,
  "execution_time_control": 85.31561136245728,
  "total_time": 85.43445253372192
}