{
  "initialization_time_control": 0.12152266502380371,
  "execution_time_control": 39.67169213294983,
  "total_time": 39.79321479797363
}