{
  "initialization_time_control": 0.12364673614501953,
  "execution_time_control": 56.30554914474487,
  "total_time": 56.42919588088989
}