{
  "initialization_time_control": 0.17088747024536133,
  "execution_time_control": 100.18512845039368,
  "total_time": 100.35601592063904
}