{
  "initialization_time_control": 0.11960744857788086,
  "execution_time_control": 52.4768602848053,
  "total_time": 52.59646773338318
}