{
  "initialization_time_control": 0.11833786964416504,
  "execution_time_control": 49.15024995803833,
  "total_time": 49.268587827682495
}