{
  "initialization_time_control": 0.1214442253112793,
  "execution_time_control": 49.716110706329346,
  "total_time": 49.837554931640625
}