{
  "initialization_time_control": 0.12149167060852051,
  "execution_time_control": 100.33030652999878,
  "total_time": 100.4517982006073
}