{
  "initialization_time_control": 0.1330413818359375,
  "execution_time_control": 48.45201659202576,
  "total_time": 48.585057973861694
}