{
  "initialization_time_control": 0.1344597339630127,
  "execution_time_control": 172.46851587295532,
  "total_time": 172.60297560691833
}