{
  "initialization_time_control": 0.661449670791626,
  "execution_time_control": 83.12663555145264,
  "total_time": 83.78808522224426
}