{
  "initialization_time_planning": 0.17624163627624512,
  "execution_time_planning": 120.87661743164062,
  "total_time": 121.05285906791687
}