{
  "initialization_time_planning": 0.1259603500366211,
  "execution_time_planning": 137.55042243003845,
  "total_time": 137.67638278007507
}