{
  "initialization_time_control": 0.12210297584533691,
  "execution_time_control": 78.50256657600403,
  "total_time": 78.62466955184937
}