{
  "initialization_time_control": 0.12304544448852539,
  "execution_time_control": 45.39576077461243,
  "total_time": 45.51880621910095
}