{
  "initialization_time_control": 0.1232290267944336,
  "execution_time_control": 82.1980094909668,
  "total_time": 82.32123851776123
}