{
  "initialization_time_control": 0.13756370544433594,
  "execution_time_control": 53.26413583755493,
  "total_time": 53.40169954299927
}