{
  "initialization_time_control": 0.13013863563537598,
  "execution_time_control": 45.14118766784668,
  "total_time": 45.271326303482056
}