{
  "initialization_time_control": 0.12364864349365234,
  "execution_time_control": 55.90143275260925,
  "total_time": 56.025081396102905
}