{
  "initialization_time_control": 0.1255323886871338,
  "execution_time_control": 60.35009050369263,
  "total_time": 60.47562289237976
}