{
  "initialization_time_control": 0.12296462059020996,
  "execution_time_control": 52.066911458969116,
  "total_time": 52.189876079559326
}