{
  "initialization_time_control": 0.1207129955291748,
  "execution_time_control": 67.042973279953,
  "total_time": 67.16368627548218
}