{
  "initialization_time_control": 0.12716460227966309,
  "execution_time_control": 59.14718580245972,
  "total_time": 59.27435040473938
}