{
  "initialization_time_planning": 0.12597155570983887,
  "execution_time_planning": 118.69117379188538,
  "total_time": 118.81714534759521
}