{
  "initialization_time_planning": 0.14486956596374512,
  "execution_time_planning": 97.32931065559387,
  "total_time": 97.47418022155762
}