{
  "initialization_time_planning": 0.14566683769226074,
  "execution_time_planning": 105.34251022338867,
  "total_time": 105.48817706108093
}